id,username,token,fullname,dayofbirth,id_card,credit,created_at,updated_at,source,email
0,gtbCCjUv3S,WeNArssl9d2ywbry0ExHvu7EhiJPuOCN1dQOLTQI8bmzKsJI44wZy9nvTTEvS9rvrwhYiI0TcrNzcJD3Q6zC6qSCEJCl9ae0nLOq,Johny M. Clark,14/1/2009,wZQhzTYg1SvdiMuyUsWe,404,,,fake,Johny_M._Clark@gmail.com
1,OOVxwOICHN,cegX2Fovxnq2p2jA2LrkHd8hQmYyct6pSK34U0yCdaF49M4VY2D34hOJiUPvSm88wKYRoeDlrsEpAyTQ7HmDJGNiIEH1AssoqJ58,Johny M. Anna,11/1/1996,nG1m2oIEJ5UfSSvNR4W8,566,,,fake,Johny_M._Anna@gmail.com
2,QAXsO1qOuJ,adARcfnw5IwRGaN4oWbtr4eqaRFnFChzwmdcvHv5vovyc1a7KdzrPSiZnXjuvgKnKKOKWkxGTs7XEt59uSKgmBhumUGqHdnYGGUW,Johny M. Smith,22/2/1985,3zv83DtGvP0DOZsWBYRD,604,,,fake,Johny_M._Smith@gmail.com
3,1I419h8J05,J5PLXyPMIdkxToiWlvRtdcoTlaO7EfPEESAxTNE6dHqOJMyA0XE4ApxqOwZETh2rtre7nWtwRevdezQmn9ZVqZvyTUrGpHozJVg0,Johny M. Luck,18/7/1990,ofDSBvnOVPbQu94e0cUC,193,,,fake,Johny_M._Luck@gmail.com
4,yd4W8U2Ss6,qxLstNfer8DertrYlRjQJDkvJYxQjz3Zc4MofangGKY0eWtINii2501WYCyskbLAYhapVMmiOZy1UxGswMAcZUiY5xQUDpMVURNG,Johny M. Hell,11/1/2012,g1nRmIRVweqK55edleZM,467,,,fake,Johny_M._Hell@gmail.com
5,FNfqtwMZdF,0OYoLnW6RQPlVKfHa4L46RD8tWsTbM2rWUVWu5GPfAJmdwZFLMK0Khu0tgsb2xmrKd9WoWP91CCjJfA7fbXpEhFynRmsl8dQxWqC,Johny S. Clark,12/8/2013,vERu8I7eisq5IYpWPH0N,383,,,fake,Johny_S._Clark@gmail.com
6,JwZUkRd93S,lCtNZQPli39HifNRK6UavQOAI9z5nV5J7Mgoy1CerwW1hmLKqLnAd8FuMGD3Q9KxPSvkwnET2L2CSqIKskIIa24DDC7VeeBti1qA,Johny S. Anna,6/2/1990,syuoHugTrHceivS3bFx4,920,,,fake,Johny_S._Anna@gmail.com
7,dmIQjJNWc3,9P6bzA5l9dwwRwf4Tvm8FvmhoHjNWhRdlLbHoBGH58w7IoOUBrlAvaM3AbLJf0YSpiWsD8ypcEA9EBkmh9Smo4P7mZ9I9cAzc8AL,Johny S. Smith,6/4/1959,HxovwevHNbouxzPWAY1c,617,,,fake,Johny_S._Smith@gmail.com
8,dSRAXiKAtV,zgIXGHqRaBAIyAgBBS6lR8uFv3pDwjzQgsTopijj8un9IFpkWDTJSyAugQUJGPUJirKI5XOdOEbznxGCcorn4Itxs2Y28GGyKzVB,Johny S. Luck,22/9/1977,JPMHMGBUSDQhCBkFbdRl,52,,,fake,Johny_S._Luck@gmail.com
9,vQNur7hjwn,13Ar2pw9tasBmuUELHwf2LSDC3P1Rh08XXpbk7mEmZeS19GxMAlNvRjztCsyeEEKbxsi0wCkHugBnlBQpGEyq0PQrRSbQwFhPu3I,Johny S. Hell,14/7/1969,dpjWOelf6wRT8GiIL2fl,507,,,fake,Johny_S._Hell@gmail.com
10,kHlAErmmzE,PiYEXs6JhQYekMaqVGyU7MffKZndUMpm8VbEg7wCjv0GGtT9oy6hWMs1eYwQPylIo0KZvAImRppkonSRSImBv0ZTV0xojsQXTqev,Johny D. Clark,15/2/1986,XPmeO4P2Auz5u1nK6Vz8,71,,,fake,Johny_D._Clark@gmail.com
11,5vauzbScFG,QX73PGB214QPtVho3DzZCu1SIXwtJsVCX50Jl6fqzpEc8B00FtGCRHADqNTSRjZ9DS6P6MzDaoJxQ1M9FYyRp3fwV95tnXAO7WJk,Johny D. Anna,8/4/2002,DViyAjNdOyr3ohoC65sX,515,,,fake,Johny_D._Anna@gmail.com
12,uQx5cx8oWR,4EpzAGVutaToqwCqE1ovYizggmwweMf7H7JxuCfFLY8tOZ5XF8EBnjxK0xVRsnLp0VLey8j9SALWQHljFykBl10g0VvTSpksJrhc,Johny D. Smith,5/11/1955,MElAtXbFQzYIBOyvTESg,146,,,fake,Johny_D._Smith@gmail.com
13,Zm83EV4rv9,VgXIpQQtNy1zqmAbbeUgXRdW8yercw3pfyt4zWRJc0N1CPFosthTzXterxxl8t2HsiuwDLYLYz9eqJsFw3mkgeCXNbPHtA3yO8ZR,Johny D. Luck,1/7/1957,9bKhHmLPoSqoNKtzY2MG,894,,,fake,Johny_D._Luck@gmail.com
14,Lpi8Yegvmz,Ael0BCisXpLiInQIHlhuXnAi6FOm20VOmmMDY77Twd3zjYAu3cnLSDNuQmxd45iE6052zaH1qWp094FQssUGS3tm470Ubr5UEnnm,Johny D. Hell,23/8/2014,H7Aw7TYZBOULHKwZTtLk,763,,,fake,Johny_D._Hell@gmail.com
15,RPiBtH8fnh,bxLj9RLHZ0jdJQupMe15tlPgLfugd4om13ud7chACvi7dtBCsBTS2xAiTqe0E6vxQzJWpumh5LJCAtQI1LCCaRE7ZpUVxqs0goWT,Johny G. Clark,3/10/2015,uRpSYCSUkarICwUoeDgI,386,,,fake,Johny_G._Clark@gmail.com
16,BxuGZoHJVH,UNdIJhEdWwOm0FwXc0oDsOK5zNhGyr5NgNTXwtirJyLzFvNff6zhspfiiXzM6HpxWd6gJP9XheaK2nX72kotoQTVHvVBsL3QDJKo,Johny G. Anna,21/7/1959,w1LnRdRbhfhd7ymm7Lba,106,,,fake,Johny_G._Anna@gmail.com
17,LQb9dUUesV,UkbVkMjr0DOKFJKh2cn6tRVYLlS0EgFLdMAM7Y56nOY068fpUooHul2HMfyhQOeCG77I2Sx2TjrcXtoZ54aKTd3YiawVfnDWj0bE,Johny G. Smith,3/4/1993,bqDlI9r63LF4mLaFwyh8,307,,,fake,Johny_G._Smith@gmail.com
18,kdFutDdGgj,ckG0z7mNBgjV7rLW4uzMfDCDKTjHbVKAjgFkRIEId5eiZNZXeVyUg7fNpq5bvTB9OECYEsXT0s7ZS8GrZSSoucAcdIYu2EUumobU,Johny G. Luck,3/8/1980,GRc8aevW1jylHL9oZuyB,512,,,fake,Johny_G._Luck@gmail.com
19,Sj4fCARadS,iMHB357UKSu7rUBxiZAal3mJKqSsRvH1yaUsQKgPCSPolk7byPCFPqwQmrkPtYi49TcFPdaH1UjePy5IFpSTi47TmlMtzLq0AJ0d,Johny G. Hell,2/5/2011,BZf0bKKRzLMCBRjxOhHp,783,,,fake,Johny_G._Hell@gmail.com
20,nFnSOXz78a,GxdXBFus0jYfQiy6KC9lgtytXAp7Z5UxyI29CBNTg93QGMEiMTV1N7zLLvtz6AP69fA4AbnjExb3uW9mm98oSxs8bMbVU89JwvVa,Johny H. Clark,17/9/2002,YftOoM3fqWsepw42GWIA,603,,,fake,Johny_H._Clark@gmail.com
21,YCpoBaYBD7,1qOL1PEgzR5WcH3ckw2rKmqlpLMTMR6NplTLlQHIssVdno3ealA0Ohn8qatK1YXey6AKzrln6yGBpvpkZtSxaM5o8gWpZJNOnuFM,Johny H. Anna,21/8/1953,7upyRY4a5SsPUC9WCu8l,113,,,fake,Johny_H._Anna@gmail.com
22,CAXK8Sz8b2,TzwZm7Xwiay23k97NSfQyejWvq8qHjGlK4RHJqAQL86s412A8t0fXehAMyA7VCAfl61qACp9eTMxJe5sCfdpiDWBYBA5dGFDiiKp,Johny H. Smith,21/5/2007,LVGH8nwPGHQixoD9VJwa,725,,,fake,Johny_H._Smith@gmail.com
23,OHHulQmawz,rArh0JjI4WC4RlT6G9QmPyb0wWOkT82f8m8snH7Jo7W7XVxDCGmQdnfvjuuG7LFgWLmlk0nFICZ8D7pTg3dvS0cgK7temXO0qCbk,Johny H. Luck,23/7/1982,xdmIwICJ3mKCAI5zwxwu,65,,,fake,Johny_H._Luck@gmail.com
24,6AZRZer9pZ,ZkibVh2KbRKdbzvF9lj8Xy2YVeipdVwArPli5E1HcZqEKhQJuRmb7Odkh1yfMMdDXdVibu495jPI2pwvjzkoLORvZEvnN8cO1tVm,Johny H. Hell,9/1/1970,xvBHIHmVejeBC8FiZMpV,425,,,fake,Johny_H._Hell@gmail.com
25,Ydiu6dcQ5H,PO2RMtfqJdyZLiix2MkRIKULTes2YD6BhpfopqoyQWx1ynE3yHyllKv60PHDg5KQ5NyKXpjj9HkoLSMRQFFSYbUmHQsGRc3S6S1K,Angela M. Clark,15/11/1999,ZyoyrN7MbM0wBstIMKVH,121,,,fake,Angela_M._Clark@gmail.com
26,0z5fbCQfIl,mGpewN5rqdSIjWRF6nP83toiFK44fsqPkEoz3U0L5bsmMVaJtzGTkC2BhYJQp2IHlJRQh7gxJsLgawAWM3G8THg7nmgYWm1XHSKA,Angela M. Anna,6/1/2015,px7PDeCJLlGD1nfAFgEI,123,,,fake,Angela_M._Anna@gmail.com
27,2aqxRKBVAl,JhN4hei5HSALM9mQ9Jg5hMWDcoz0baBpx5GZtWG7dpnysrNuviW9735T0G7UGIpLVBQn0cJr2jyAjWrCVmXr0TFFzvSTJYE4XOyU,Angela M. Smith,8/3/2000,AwmqKqarfDznTDhhfMu6,723,,,fake,Angela_M._Smith@gmail.com
28,v27lRExtN0,VSy36KgyYGWFS4AYczJhlSdCGlkSXEqF67fbMTuQ77dXumhMrlXxId3zNWYPuN4G9STyrEAql17dNammHQC1oSewzLwkskIkiEJy,Angela M. Luck,24/5/1982,VYYXMoqm5xLgacnSNaHO,553,,,fake,Angela_M._Luck@gmail.com
29,zMO4wNRKm3,GQYKIcQmoH1jIfQqxGNON4GwwZ7T1uMaEtLDB5OBYBNVTb7Nxu3eEtAJkAZHuFOPaWBqdDN95pP3Sf283Q5vgmNFYADIDomox0Tz,Angela M. Hell,16/11/1999,d4H0RxVHXvaaGjgwDGFh,205,,,fake,Angela_M._Hell@gmail.com
30,g2wuHSpnWf,Muy18hwvmiHeaDv5nJdXjpK3wdHU2UYmgkMvfzB5QA6nznMQPqngwcTNP35E9hNIQjcUMgC7GQHXNemYzMnsyWIdrgJkgj1ylnWg,Angela S. Clark,5/7/2010,VN7IyFXtc8JcIFAmxJzh,82,,,fake,Angela_S._Clark@gmail.com
31,TdusWD2r7c,icv4vsUTr4dZRTSSXmepn71RdJ9zVRmBlS6cEhaYwdIthvRz6IdBkVaqXsh8tmA0ieBINtXuBZiZkhya0iL5gnry1shuBTHVwdOQ,Angela S. Anna,1/5/1952,QOz4dDXBuqwTdrRAbkCG,673,,,fake,Angela_S._Anna@gmail.com
32,07wN4ms6L1,gZt0TTN6oQWziRuKmSV9GttciQoGhQO5G0CiZAW6NqKK3a2HSj7YWTJmckHMJwESfDY8JbAks8t3n8rNRzPyHTvZ6AKnWqCyxWUT,Angela S. Smith,4/7/1971,X90V0xMO1kWbSVqKHHFX,317,,,fake,Angela_S._Smith@gmail.com
33,vYFvsYPwaS,5wZfN4xWtCyt2m2hwctpfJBbfMcO4AsGwlskRFBGo4a5k1BQm1SHX60SFqyl8ANR9ldG2BbSqpW74J6YGyB787mYKQpVjfuyNB9c,Angela S. Luck,13/1/1964,6ltW43sURXTLUAQJMVqF,247,,,fake,Angela_S._Luck@gmail.com
34,CMFNjtZcGA,cDzyRt0vUQAiXdPfeDoRyRS5tcCuPSaWIOYhFGWVvuHEPifCCWmJF5uqdukxv52GITyZULnYISaHMkREscn3SxlBF7jiPUVUspk2,Angela S. Hell,11/2/2009,q4lCCsUt0HuLHbgtTbfL,936,,,fake,Angela_S._Hell@gmail.com
35,QSEtteohB8,eXqLDqIwZ6Np0iLLNNPPzM7o51tUO8quvupyWZvRVMRIOMIAYgd7hlX9weW5iJYMGq2Bes71a3GPKTkPfFa2tFIwlXPWYdx5zOvq,Angela D. Clark,11/3/1970,oWbD0nKNT3TxO1m4l0dF,504,,,fake,Angela_D._Clark@gmail.com
36,nXo9Y7FGm2,HIVVfjrtakOhkvau36DocMLOZE5EKYUzK15bPgZOFc71E8lhfoeWUsDLMy8qkzm3maMVwIXXlxU7KjhESZVtBOJOuJQVSPkOv6X9,Angela D. Anna,9/1/1997,a4G2qNZ9hZmeCQ5j08CA,963,,,fake,Angela_D._Anna@gmail.com
37,p5w2OBNHjT,nTUjXWFcQ2mRairO5cfarvQkUu8HzeqgU0ZywUImM7fAOKRKbXBPYo3Lohdp3Bf7FD6cePkbZm1AYBgGe5cXbZtZCh3wycYCzmol,Angela D. Smith,19/2/1990,EZgQ1qHSrI1LYWwWhW7L,298,,,fake,Angela_D._Smith@gmail.com
38,14wL4PDUcT,8tWbKDPhXro1qSbDHZ6EruT7ZtzoQPWXcX8djcElt1g13CjrTREEWER8y8qnfqWeQxdE5fD3t6j87NohoVEB93nyrh2TW7gsEqc1,Angela D. Luck,23/10/1953,ucObv2paKcA7zBbERvS2,406,,,fake,Angela_D._Luck@gmail.com
39,E0CTyRvIpL,JQDbxL6UVr21tOYCT4aWu44yHdghrBivvMMCy4qE7nBGyPVNmhtRVNKL2epZ3fqPzpu25cgyZsIilQZs8J3PPjgBnSYs1nN3UsK0,Angela D. Hell,9/9/1964,bnzetRlFSAjsLy5i1zim,799,,,fake,Angela_D._Hell@gmail.com
40,PptFElYJoH,kErCMbyhKd5IJpvoffCHHbE6xdL4FqXCEaUVYPNSdKv2DuZgI74QnQdaRRPIhGP8j58Q2Fvbw8uw5d5RGkWEEZTT6bEi2ljSQLOA,Angela G. Clark,7/7/1980,ZEeSu59E8lfTkk4MlAD3,799,,,fake,Angela_G._Clark@gmail.com
41,NTRz1bG3pD,0m8AKoRXjdySXHEV8RXfVUKUlzffvxpHeZkWq0dw0RXbVm3m9KZuqDpm8yCjHLfuHHWIY6wME1ZGqq3UV8z1RM1WPpUDonSUClYy,Angela G. Anna,17/9/1970,pM0wcJYhCjF5v0fiqo85,319,,,fake,Angela_G._Anna@gmail.com
42,na8thROKok,pHYxTJ9eMS34LPUbDrFXDYfTkhVWRSBR5pmk2fGSQedg78wGZqSAiUKVlsuJOLVjHq6fPosTkpDgpOSyc227PBD4CnW7ZuE2EJDT,Angela G. Smith,18/7/2000,Po8UMVMYFcBwNGbFEtTv,350,,,fake,Angela_G._Smith@gmail.com
43,5OzmpOZs2R,UThwowHU7e5yJXsgmcS46jHJDCKkpjGTM64oGHQU9nZPm8FzqjE2DyCHgAN8PrCKMepKpUShGorLQSkMkGlLBQXwGXxRHc4Qts8h,Angela G. Luck,2/9/1999,ZCCU91w0itSNjACFuFXY,825,,,fake,Angela_G._Luck@gmail.com
44,wt1xFLazQo,bAKTmg1PqaFVklBRcAxyoXWlmAuBYcWgg0hRwFH10HUvuirLBFn8nshIYQF3HdJMGqAkFrKYdaj8KOhYxHfFJWVXUFwqrHdfOzVI,Angela G. Hell,21/4/1993,q277vgdO90aQ1vUWGcoH,963,,,fake,Angela_G._Hell@gmail.com
45,TSszJS1dC9,CNP4jp8AvrJ3z5X8LmLWChPaelB2fJ8KIpYALUzmtjbfEDsdc4nWQsgqHii5DUCqKhk3nY2tLLjc60eVxp0YMfjRkDbSiQVjH2NU,Angela H. Clark,13/9/2011,J3Epzs99Gwkrk3j9oSGm,775,,,fake,Angela_H._Clark@gmail.com
46,8UfzqyckVO,BIp2ssSNh9s0wyXKTLJdvXOaHvd4UtoI79w9OhHC4iZa3AsZUDN4ORpP4H6yvbAFB8VhSHPRPAFE4f6eajarYsE4F2JjFpmEEsGx,Angela H. Anna,8/10/1973,JJmDD7fJQEJatvJL427K,903,,,fake,Angela_H._Anna@gmail.com
47,wuVWQeIeGp,ZSBIgLl8TAYFc2RdGKNzI78wn2G3CLf95khhzfZcCLoJl9kiiQ0jRWpug6benRt9xZpPN6sqD9bFICmtjpgUTtpH2HgPXEEJR5A1,Angela H. Smith,11/9/1990,dXGvayM4wxVd2gYksqeW,158,,,fake,Angela_H._Smith@gmail.com
48,iITOTfgzQd,Y1QmPq9od3kzeqvFrEPRUZgnyYfUU49DuOEAH3yNBFtJs1ghzgav4S0Mtyw5TfrWlU82l6WZsPtPw0HbAZb8nFYYOOMQG0hLjxrN,Angela H. Luck,14/9/2000,wG8pj7qZMxBhMBal7M3Q,229,,,fake,Angela_H._Luck@gmail.com
49,Z9FKN8Ir0t,x5iqelBGcetGMiaWmUXjicMme8xGQnTzJlUtLTCXBO7Qc1R4hj1ImLAmsZcdZL4ZcsOAlRIzw3XBCBId0iygbrzJWnAJGPEMUydK,Angela H. Hell,21/6/1959,gF3RIJorOWyr1crewD0C,189,,,fake,Angela_H._Hell@gmail.com
50,Me5xRJedDg,PJ6FoFVYMQdTTqexQ0GHACmEHhVuj9h9S1w1GZbaRip2byRGBNfMeNyJIcSYGBUFxmrgHYcAZNiwcqCTs4g3lp8kWEj5gLdjR8FB,Nick M. Clark,23/5/1958,wWb4uFN9SSqCKH6auedB,258,,,fake,Nick_M._Clark@gmail.com
51,1zngUPPbSd,YIT7P5s0ExqKmFhE8Hem75HCDIxNhQzcrDgAPskk9fTL7rw07fxafhNhoZuS4jpJy0nOBNu3SVejxbVCM8GjemuHfyfc2dJ8qc6T,Nick M. Anna,9/4/2007,kxCDkppCwtjjCzaa637q,793,,,fake,Nick_M._Anna@gmail.com
52,VcwoU69Gn9,wGDCKUbddxTLClGplramtvmSNZHgnTbReyHWGcZC4de1ssrfwco9UBo1V6f2T1eyMDpMr26XImzcfoIguIcJf647nogQVA7RkWJw,Nick M. Smith,19/5/2008,8uICQhZlm1pzHgamZPMi,939,,,fake,Nick_M._Smith@gmail.com
53,otVT6VdU58,5Y2aETmHmyDvKIqK8jfsy1BjWXSlGavs9JEZ20DQ5kWvl2nZooC6aF6QExw8v0Uw8rTsZxuwb1OshHixg0Gt8gMvfWoEXumDbYCh,Nick M. Luck,19/5/1965,E02qjA1akHvOKM8iyWew,404,,,fake,Nick_M._Luck@gmail.com
54,qOGtkIMyaG,eBGyhgup0OsSLPbY8zqWsoXkfqyjFvKiSmXSqAVSa6PqYpYLarfyXfvXngmxSFMeQgDkBZNDeDoobH1ItIhYxtTxnumZCTTSchFN,Nick M. Hell,9/3/1997,WCUfsdgjFYd77vgDhx2H,567,,,fake,Nick_M._Hell@gmail.com
55,KjJ8oD5BGL,SBpdGbTFRvhQXbCX03mDmqvbMXwSIrsVY8wyJBC5sL52t6G4gWeyVnPOEjWaCL0GhWmJUsvZatuDay892ozJaWwv9Cgk1k54gzXj,Nick S. Clark,24/4/2002,vW3R7vQpsIaGkOaahYrw,348,,,fake,Nick_S._Clark@gmail.com
56,jKPG9JWe84,VxbLU3OYQzF62VvsvcHuOiTrZV9rqV6sWJuvKqjPfjgfIbUoyihtTW4ThuvmzPRDWvXToBp7lQDMz5IREgzcM7RhpASG7GwIldMV,Nick S. Anna,10/1/1994,95nCBQ6T7Wc65iTx9Wqb,227,,,fake,Nick_S._Anna@gmail.com
57,Jbn4nyAzfv,sJT21wMrzxOW22XdkcCDso9k4fQcYRRlXGGWOjmVUAJ6AfiRaMcfQwSzRBjC4VkLnwIZOxowRjURZWO68nhrJnN1ocwx2J7uRMyY,Nick S. Smith,18/10/2008,foO5cPssnPAzlAqNNQfP,730,,,fake,Nick_S._Smith@gmail.com
58,rCragDqPhi,T7vPNVho0vyTICQeyIgwKP6XpN9KFCAVvro9qxUeg9bojdG0zyo5Lif3Zi8jDV2zLAM0R4Ulnd2Yb7TEm8raIiP5e6ERutX0fhLC,Nick S. Luck,16/4/1991,WnyQv6vJgkZmLLoq7p5t,201,,,fake,Nick_S._Luck@gmail.com
59,zcjcmLc1AY,W11W3Xh4A8nqFI7IECyyCnUagn4h2vghaFnJ8nHu5jak4GScftXV6KN0H2RGFLPidutRfgJBrkEln5BRxdenUAn1deeTceovgmJV,Nick S. Hell,21/8/1997,FqjWNHIfippTmhrzFzAT,618,,,fake,Nick_S._Hell@gmail.com
60,KHs3w4uXeQ,oJnm7zAiv3ozH9INgDp1WR7vusWtrVUpKmg2WEtxkkIoRERvNI6XMshegi0ebSc812gaac4X0Ff1MxbtAj6JdhW69Qv9mZKv9Eeo,Nick D. Clark,6/7/2008,RHtC54j8VsqsPzGRLhIe,837,,,fake,Nick_D._Clark@gmail.com
61,DGwa7X4vWe,psulTipKhSDTGt8OzbDNFBHEXDz5gscdi8nu2HIFeJTU6XOM4kbB0ir0gElxpLPPpH4EZpFj0ksjQe5fplHTvHvfKcmfUFcWtXL4,Nick D. Anna,24/9/1996,ZMicvdUB3uIP2wvaPktR,982,,,fake,Nick_D._Anna@gmail.com
62,r5xkUTY3e1,PBgbuUpKgydogc2NVYwJb0y2S1JoHZ03TD35qHaau6ACzANayn7b1WC5q7WMwm6oxzRdCK0g1ZWbymNKfR06fkeEYirtzDu4Qubo,Nick D. Smith,5/8/2010,U1X4ebu3l0hZLmOrLoI6,79,,,fake,Nick_D._Smith@gmail.com
63,Mr5c2M5NyE,hHQloAR4dOIHdbNApDFlV8ROdr6d6eTEZWupz0kT7FiuUrRgcrpObGSnddJHoBLTxdfGMdlPLrr5B3jyiABzyptsr6U8g2Gx3Q5W,Nick D. Luck,8/8/1958,gr9Cf1WeYONHZ8o6Zs9U,99,,,fake,Nick_D._Luck@gmail.com
64,6k3VXvLYaV,mpgAbI8jS0TGrVcGgYXIny3DMCu5bLmw1noLUhPRN2Kn3wMoxw9E6nWIS1Gcvjk8yFWszZVgK1VIJvRXIQXn4mnNpF4rXEPPGDyC,Nick D. Hell,3/8/1985,jirv0Vx2KPJW0LtGimUN,145,,,fake,Nick_D._Hell@gmail.com
65,gElxFo3lDn,NI8nKsJFfZI9cutQJ5AqnznHy0a8CB7qmrfvxuXiOlsfCj7950f7vQv94TRNorYY2hfB06qEmLFGemtwAs6Z7FPRRnobnFMici07,Nick G. Clark,21/3/1951,CpYteVadyVHsUC7nT3J5,570,,,fake,Nick_G._Clark@gmail.com
66,WcDuCgJIiZ,GZYLJjq7N9FhqyQO4AS70RKuvWXZLMnDeJLRtSx7DSW3QoIvRgF6n5a3ucHka2hFAVJBY3PVP4ASSTTrvJnRqLv7l6LKB9PgYk6t,Nick G. Anna,5/6/1997,e6347n0MJsvstCdXXR8e,392,,,fake,Nick_G._Anna@gmail.com
67,cz7hSQFBEP,8qvRdL7dymGvGLkD7WyU6swhPPLiWdyajKnZbfBOGwrQ6ZU8JzyD24YmFprTbDbfkJEFy0WGvGx4xvwGS5g9ox95dafXoPfoaqwj,Nick G. Smith,15/3/2013,Ph7VOPbnMIqHo3JvlT13,500,,,fake,Nick_G._Smith@gmail.com
68,0abpkL8S4m,UGB01I5RV6pkvUdsZ3fP3LbWokuU1qvyKM5eRUYDoEyVp13QtCYIUkc2KYjWYvNx56UTRrDbjGI5q8SfNRwgnIWPRkz1zdwV4AYy,Nick G. Luck,13/9/1988,Yrgjgnh9yQ1Nh262Fjdz,751,,,fake,Nick_G._Luck@gmail.com
69,VJqYoHuoLO,IXUuBqjrbNpqU3xadejP2W0EM8Bb21fQwfVHysPi2crRRA8rY4wbJbERvwThsrKjOZPZX7XBXvJQSgQRzpRbxOvK3hPgZ3aMDt3N,Nick G. Hell,9/1/1976,l6RDpLnKTtgQHvx2lbNK,376,,,fake,Nick_G._Hell@gmail.com
70,IhmICrtktk,CVp7SFxh7rsWNHDI19gJRv9OwBtmiUmhmHKlP4KrgCfNRgYjQmRtVwsmr4f4OPSJ3r5E3mCGPVDVe8BzEJElKedtDVIBiwyOwAd4,Nick H. Clark,22/9/1960,De942i0T1B7WVb2I0ZyK,893,,,fake,Nick_H._Clark@gmail.com
71,aieYoBKTeh,3X0fAhWylflL4TXJ8OCysdlmm3qx5mgZbaMLkdsm9bSoZLe3YRajdcES0LVf0szzBDXo9UGDCUuN3JhvpxWjOGeigu8PVpXvX0vW,Nick H. Anna,11/9/1972,ZrqkGVgdNGAz61tNGkDu,561,,,fake,Nick_H._Anna@gmail.com
72,bgyRsBLMvU,eTjeZRZ4BAQHjxDL0nHRyj7mb54Yo6wpcmaSM1kF2CW3o5rGAYWyKd0f6jdr6ulUD12m6CQOGPbzDmTc2bzesNaj4EqUMJuSaz2P,Nick H. Smith,2/1/1996,S5BjdtpCf3b4zexiVKE5,428,,,fake,Nick_H._Smith@gmail.com
73,esnlqY4Nn0,OArDYPDmXk21H4WabIUuLlEFdxVm7sd79KsvSo3KeKGl8BFVBVkogeIENwok36moxGtTBTPIofRtzUkOv5PrcGFgOjKgR8TAVLPd,Nick H. Luck,7/5/1966,Ao8zYAyzv67d2V2UQrzD,932,,,fake,Nick_H._Luck@gmail.com
74,tq6oaC1l6z,QBBg7IP4US8HhHZXrBcSmLKvzaR5sVw5K4yDt4O0VmFuXPJDGCIl86wT2GkciNFGh8EDaPdZTFHBwaQhl5jXXlNDh8ox8fIH95Q6,Nick H. Hell,20/10/1967,dYakWyR26QlSvamzIXzQ,863,,,fake,Nick_H._Hell@gmail.com
75,YITFsn9lQA,GsWQ2fq2ePn0SQtxyGVwuuk00VtbkV58bHsBmM37NRejT3ndvsHgJcAJT1ZseCFYsTNRQmG0ZKcCEiYhZYqFu93t89UeyRnuBcY6,Jason M. Clark,9/7/1954,wjr2RsxY3KfQWF9BymbR,817,,,fake,Jason_M._Clark@gmail.com
76,VE4OCKSSXC,VOsh0KL0NffPeMsOiagzaKdHcRfEAc9MuwdIpHT0kA6i8q5RYratQs5TlxYVN8pFMNrBEflwuYZKT9qVeqPtTSYjqdM053818IRe,Jason M. Anna,13/2/1985,63ljr1j6ax1en8dbHF0q,287,,,fake,Jason_M._Anna@gmail.com
77,IzGsdsIcZK,IyQOUL1IY0AoIsgA5YV3QDU7CixpxfnzifBigBKbiZ0BEM5jZnRJwNQnckYpOhFEaLKyH6SZTOEvPu1zvC5PD8WlATrJjGWHu0M0,Jason M. Smith,22/5/2015,468b5WgN5pADedr4JKWY,442,,,fake,Jason_M._Smith@gmail.com
78,mzzyE3rMsx,8YY6nzX1EJ4AAqIkqlgbQUJtw3L3Mlj84nMSPYHRKxxZxoZX4Q6zsi7IexPAPMJ3RgMjmHITT1UXRtB6Avm79xyshQDXY41o8svn,Jason M. Luck,3/7/2003,iIAocV62xKbjBgeqoZ9R,549,,,fake,Jason_M._Luck@gmail.com
79,sGkmDiOtwU,HQAUrt5ek8LFgpkNS2UflrsiZZMZ9a7LBmtbNHsh7SApHCaVKjOAeSheddk06cVNw4Y1I71MAs1SGURBiy5u6Du5QXCrWmSBfpRa,Jason M. Hell,1/10/1960,ZXmeiu5k2pTKV5OxqaKo,537,,,fake,Jason_M._Hell@gmail.com
80,E355heEfpw,Qh0Wk4N28otDD3O0cgFwm1lLQz0yxIN5bVVDB5s3DKyok9W39u5tGPt6A8sFTjckkyB2SRkYQsfV5D9uOUiO0HhT3dhv6hPemnuG,Jason S. Clark,17/1/1966,ZLxc7drxcUs1yUrWBo1A,570,,,fake,Jason_S._Clark@gmail.com
81,8UjRrTqUvq,YQQQiFBT7YJse0vnwkI4cRZFaNnoWIUwe0hTn7gOoYXbmlx3naraZ8ifgt8I2uOrH3muuh0Xz7mMSdPNmbX6CG0vOOrUBFpGxPhY,Jason S. Anna,20/6/1982,36I11i9y7liswQKf1Vq9,182,,,fake,Jason_S._Anna@gmail.com
82,ciqrDc4YXj,QVZuorb9z5EvP6Ge7JdrhbPRddUA6aZvctjR74I8rUN8Mv1zq3C9Td8utayFzgAWgGBp0UsUiGWayUm8Axuosa9SqVOzq7XV8PaY,Jason S. Smith,22/10/1960,PFgGuLma0NLibImzEani,296,,,fake,Jason_S._Smith@gmail.com
83,1G4ZJdpkIx,ScaQylbMg6v7yGrJpG73ApcUozkKk5IAJUqqHveC7GupD3kjfcNbyXTWfyhwwtmcVdc7DZbn7jC8UM0KL59Rq2Voixw6pJeKwi3r,Jason S. Luck,20/10/1967,iREJROyKtjXS9NkPYhik,406,,,fake,Jason_S._Luck@gmail.com
84,OV8IKOKOTt,8JOwFk8vUsutK1nCV2iNoAh8vVsLKYySMVDGVJAUFxrbqsg876bbshuYuEmLqiy7RdoqrVvnKkSWUnuY0x71ZBvQH9cFDezlrqWV,Jason S. Hell,21/8/1967,ZtLD0eylREkix2rXUvww,934,,,fake,Jason_S._Hell@gmail.com
85,AsFT1T8GVU,Fs9rMXJRW55ovvjdtbpJoq4aKdCpSF4rILosCSYbh5oaFnLKoOvTPyRVbML6g5yTANLKQKsHxiQASpU1bhAaRQwP5SxPlXbCSddM,Jason D. Clark,1/4/1987,MPiLm0pyb5Qb2X11MiZB,966,,,fake,Jason_D._Clark@gmail.com
86,j7S9ZeJfhn,bflAmOyaiTqQfp7vMERp1X4meJcziKG0qKJGonWhPzENhgE6f09QFcV5zdb4bUAz9BDvRSwrnN9rHDdR5A5DKcMurn1uzNAL0ZWc,Jason D. Anna,17/7/1981,Ca52YI7QkWcd1zxFUZIS,546,,,fake,Jason_D._Anna@gmail.com
87,IIT2YI1s4A,ntezeICnoRwhRgPWHBoN2GsCMP76i3Y0DhUZrKcAh8VHBPhBuarI6giKONBGj5tWrYLaDRGbCXRRuSJxNYq9oSoiAuqLG4Ltkeoz,Jason D. Smith,10/8/1964,tidPjSVxdc7g6mBD9EpQ,215,,,fake,Jason_D._Smith@gmail.com
88,Pp5OOmUaFY,J7TKAb4YprO0NC5S97T03OlBsnlOuIVvaAjWVQ1Ye6HqsUlokxgXJlc93pBuapwrLaq3NNcRV27GwN9P0kV9t3IdUWT59q98Y875,Jason D. Luck,5/4/2010,ba4AIixohxLrBsPgw4tw,264,,,fake,Jason_D._Luck@gmail.com
89,HGhIfL4ujR,UdJuM65jTT3aI7XUrrpZYqRMOyzkLKBsDlvqi6bZvkyH3rQtMz0nnvE7PF5Ol0T0HNBhJsj7hcBlUGNX0eO5UQ88tKLCDIXfYzAF,Jason D. Hell,19/2/1966,BI2RuecVML2yJwpjVw4C,113,,,fake,Jason_D._Hell@gmail.com
90,zMm8sWPtlH,1ihYrvDPfskWB4NYEF2tIXESsqNaoN04H6o09i5YDpaxBU2aMkKUuy2eB2y2KURYeSs39pzBbmRT5c9RqlHnuJqIACKcIP7l0BiD,Jason G. Clark,8/1/1984,FqZ7kkxwnivPc0HF22kq,304,,,fake,Jason_G._Clark@gmail.com
91,KILMQgbCSA,mIhrUN7CpSPdoUE5qP0CJ9x11PP8RLIiVb7oQFTYudKhcTkpFhtu1Hih9nSVkVxqkp7IbHtVji3NvSdex9sqU3MWNYLIhD8xz5ia,Jason G. Anna,3/6/2000,8YMi0NdR2Dsct3fEypjk,421,,,fake,Jason_G._Anna@gmail.com
92,H6vS2Hw4zw,zC9U9XHk7FEDePLPlkj7VckFKAQvtrdJbqdC5UObdUpIKienx6rkgknaloIJPKcz4lpAew3k50SOIukdy4o9bjh89YhcM4BLneju,Jason G. Smith,3/9/1986,SAMtaXGVuoqfPIdMaYxH,806,,,fake,Jason_G._Smith@gmail.com
93,eTJCNLVgqF,SSEkQqGhjLFjGYCHu0Ko7lWC51HfizCohM7Dxp8y4ZHpXZyUEsr5EwM67PDvcMGaAxkOe7HBW2FucaUsRW9qI3VgZgRuP6SwNMmH,Jason G. Luck,18/3/2015,RSvoX3K3QDEhQxbzI6SQ,199,,,fake,Jason_G._Luck@gmail.com
94,wcok1uqqOa,GEQAqtonkGKY0yTfbiOKvsuJWWkQp92iDFJFYqlVH0RXUeNRL23Gp5EGKd3bYAP4JkjjQ5hCXUMqVoLEBWL8OvCjPRujGqKzxBvg,Jason G. Hell,6/1/1950,vqa3BXU0GYEAneJlzhg0,750,,,fake,Jason_G._Hell@gmail.com
95,Dp542Lzgj5,eJDDLYGMPyfjMk1mzSPB6M9o7fk2iwLwp6onEKsa9lP4dqvKD9hOQ5286g3YMASsAlAtVQlgTroE5hH7f6s3wzXKJ3aD91p9TMcu,Jason H. Clark,24/11/2009,xEHxfCVHwhwltJWy3p5g,801,,,fake,Jason_H._Clark@gmail.com
96,MYRMH9ubr6,5Vd7ZayDFBgZJUJzH0rAM1snQRCPX7QUhja7wjGeygKbU5ghpWchcnmm6xltouzVN4zemwpJTXg5TWcN2mOXpVaXKXkbSa1zKhlV,Jason H. Anna,3/4/1980,39CaMMYT7jKvlGzxWj51,964,,,fake,Jason_H._Anna@gmail.com
97,eM9iQ5T0Vq,5mq4F9BMdkFxCZuyraCBPdIek30P3fkIVdJpuTO0R3hJA3PWcPH3Bk00hfKiR9Vxvs5V3exz7bNI329BnG8occqJYigHxHflXiFk,Jason H. Smith,15/10/1967,lQAPaiS5ZVooDJyF9uDB,916,,,fake,Jason_H._Smith@gmail.com
98,XcpMkQIQa5,5vHNWa5lKHqdhqdmtb548ICTNNQpwc52W74F3x0w3fv9ddUXC7PothWtI0mDorjqE2R2lfkNnX0b6uVievKkaObs1ixJDe0flhaG,Jason H. Luck,22/4/2014,kafamnuNQuUGRAQbtrgu,346,,,fake,Jason_H._Luck@gmail.com
99,UAf5IdNdiz,HIAQzzmUn6klL2Poa9Hud6QoDO7lqyjg31BFGrmnN4Tn1EtFcV6Z5GUSCg2KRBROWyF4BRPbvTMIlGykNJ8G5l9QxLzhZggHPw8b,Jason H. Hell,7/9/1953,0Ni3NdhYpqYU1BODsgHl,281,,,fake,Jason_H._Hell@gmail.com
100,FZPrNXuHvG,wIoFJflV4pAZP6Xgn6V8mWfxs70BdKhvHxrLTG1A0iLUTw9ttVfxif2DgBnL8ACgSQtf8xbJk17TSACDrd3cXQPcAgq9ZfkSJ9Je,Emma M. Clark,4/1/1975,Wr4T75Iamd3UX8fbsTl2,489,,,fake,Emma_M._Clark@gmail.com
101,rycvaKuZXk,uzA3V4RvCy4RSwE9aeZkg6AyOPWdrZxeLodXfatAIm9ivQDmXQaR5zJ3fFqtuYzhBm3MdbHBznm0ZCrbtyOEGUtCSKpEylqoeqot,Emma M. Anna,24/11/2010,vTtUzB3mY9gqBPPMfTaa,285,,,fake,Emma_M._Anna@gmail.com
102,VWmZ6DmRS7,njknVnxZFxgKYpVianlDhh2ByEQEdkP2vBVHJ3mM8hYKCmvYCH81OuHoZ15v7BInUdJLT606CyGqtBrJ2uFtAzBATLOjM3wCsAYX,Emma M. Smith,4/11/1980,hwVZWNTwqlpVDMwTKPh3,301,,,fake,Emma_M._Smith@gmail.com
103,Z4nDqOTYaZ,XwKJdL1s5s3tQP7PqxDBphDCn11LcJQEUi5VjGx1gx1uG1p6dcalxzHueiP6XkpEB4QBicljPMnL2x004lrCAfClh4nKHjIQio9I,Emma M. Luck,5/7/1956,p7uvmhfItgvDoZ4oAvGU,880,,,fake,Emma_M._Luck@gmail.com
104,f15yWaphht,mu4AKkfYFwfRYt5B076KJ8rstGGvWdOGxGDplzDRZYJCc5Xq8sSWYk9NHpPnKEfbqNjv3DtnU0wmEuRuaAbHSa0ZFh5t2MHEBknU,Emma M. Hell,18/4/1952,eNNtRkQQILuCM8v9IJGF,394,,,fake,Emma_M._Hell@gmail.com
105,LEmZq0gopK,XbHY3PjKON4WfsV1Q4e037vTrgEDojihZ8n7rku2G3oGpFRVBx5NESlekfufqkehbcQLXyHyeSqennB2bth44Oce8JBgqlR5HsSz,Emma S. Clark,18/10/1992,R6UUJpZ8G8pNLQJlWQR1,916,,,fake,Emma_S._Clark@gmail.com
106,OQZRbqNwRa,sL6u4Uif3r7X2aFTZUicmhRGmCWOfyTReFZuRldmSfZVKy8JVqkOIF6wbiFJuRmT6A8mmAY0baGX1GmiGUCKtPo48eAUowLJcXea,Emma S. Anna,22/9/1964,xyUok5WVLna7wqlwWMvH,175,,,fake,Emma_S._Anna@gmail.com
107,1B6nvTKz7B,Zne3ydJWf8C7ydVBTwb197doy7RZUJonTanGFR9jokoIkYjq98535gTuWU3OgxNZsSJGmoE423yuPa6F60DF2f1wWzFS5TnN2SF7,Emma S. Smith,5/4/1979,dz1VAIUwA00tuiUqk5wA,880,,,fake,Emma_S._Smith@gmail.com
108,tsQeTgtH6l,1gYHNIGB6twMahCWg6vX3VX8OI8ECBUShW41IMkRMXQlcodQuLHwLnLJedFHqvAmORfgk23bAlJZ8ylYcGuMM9oXSSxuNsvmhlLT,Emma S. Luck,18/2/1953,2dxbm5ISrk9Oz5awMMhy,726,,,fake,Emma_S._Luck@gmail.com
109,wNohk6nDjI,e2JY0QqxRmhFFeTKa31KH3GLK2kqgLREZ4neEZwRZMeLpseP6H0ptOtlQgooA85NF3IDV9cC63fZt7PO6FsC52tbYL8oQSWaCuoQ,Emma S. Hell,22/2/1963,MtIukaO8tIgZlpz7nRpV,406,,,fake,Emma_S._Hell@gmail.com
110,bbLJLVQbKI,jP1f7If8KhbK8CQnKNnWsREOpgsrbY6GvDeKQRsumo9n04ARBH6UjtkRCwv8CuETrg8xxia7037NNxKHf1GJn22RkJtgO6q2yOvH,Emma D. Clark,13/9/1996,CBn8OZOGPKLXxno7JRWm,457,,,fake,Emma_D._Clark@gmail.com
111,HJ6qPDUDTv,b5kr6sawmewSJk0RTiNfv0RYmuNPzGFAZPfcwOOycQnnavZfcy67Vy50SowUc2hXWw729Z1N4W39vKLVy7pRZZUsIHWFFkWniQTx,Emma D. Anna,3/9/2006,CLQuyusNNqxqHwLLsDXl,424,,,fake,Emma_D._Anna@gmail.com
112,Hg0Bc3InnH,Pl6QoggF1hogrvCxvh2OImvwbJMQ637Vz78sLSibySX8SNOUIjWU4EMyxHSFXQqAQob8yCzouGEp7a2a7ZsEXD8my2nQi3CyjCHh,Emma D. Smith,10/3/1980,39KAq8Dm7AoLJGu9aVsh,696,,,fake,Emma_D._Smith@gmail.com
113,x0O70Znmjf,FuP3plSO8FBtJ64YKph88ijLVNhbaYuulwwMXSofpjxZ5wMrGeQCFrjzeO4EJoIv0s0va9Px1yKexociD46itXzr6gUmBFbOykfp,Emma D. Luck,6/9/2010,160RmC4pOyMMWglIRpkz,808,,,fake,Emma_D._Luck@gmail.com
114,O6wLvcIbUt,smoVi6WWukViWbnORSItFFGQbos3HrfX8UX1XTSfjihSEeLaHC0QqMwYEmSTOER6eNVB2FbtKXTbTm2y3dTl1rDeUhPqMRuLntqo,Emma D. Hell,19/1/1972,uRhKBjJ0AHDw2NOEt7nP,819,,,fake,Emma_D._Hell@gmail.com
115,MIvi4BTT22,ON1JN1MHxM4RduiYRc8wiDiuekRXc7Adt5vsoy7jeYH5BAtaCeK67ogeBuJB2SdlrPpAiD4CqT5UzFo9RilqC1s1ZNsOIvP6XpVf,Emma G. Clark,22/9/1970,P9AlZEuLxDHLuncdEaXS,382,,,fake,Emma_G._Clark@gmail.com
116,qFruciczdk,PG0hWgt3T2trYyUXaWHg0blbxBT8qAncG1xrcGeZUuc2Un5lwFBRb1vXggfsWzykteaFEPsIcYX1vBADaLbQb51YIIEzfBmF66ad,Emma G. Anna,20/4/1961,GpnD0w12agedaUIMiB4d,961,,,fake,Emma_G._Anna@gmail.com
117,Dbt0jPK4IX,mbnb0E79vFoEeKJ9cuDz0mSEwwMbupFxisP9kch8ddYKtxyWIFlgjgwOEstrJVpGPwYdn4ieERKjasLlV77UFoorXsKpdOpQKH8t,Emma G. Smith,24/3/1962,sD3lCeu6jTxMNIEbvMqQ,784,,,fake,Emma_G._Smith@gmail.com
118,B87ndql2nO,ZLWvzT0nWiwMgrUiwYM7zgNYfayKHqW1tRVD3FBiZZ8lpKUEscaXKd9KF1XJSayZIE5hAsqEErurg8gxSqGl0XklU4aecLf80zLB,Emma G. Luck,10/2/1996,v6QiiGAQAqEbS8xIQ9yA,683,,,fake,Emma_G._Luck@gmail.com
119,sJNP3A7VMP,zbG4dks4SkoAARw1iKVULLUEY8CfQBxDV196Uqv6bgIjQKo45FA6cPc3UdCydgfS23EZmxYep48zGrbPdnPBNtYFDQvuRaE8M1Jb,Emma G. Hell,7/6/2010,Gs7froW43Ny0OUIkkgmM,881,,,fake,Emma_G._Hell@gmail.com
120,H3e5bfErLg,36tcVBg8Wv5rtrMZyEZluiBXuuqGIpmW2liGVYY5hIur1MMoSdzeP4oZTOx7pHRtyRkaJqUQIR9uAA4g5AQqQivlKF8Ei6FtYqiC,Emma H. Clark,21/1/1993,KUAz398GrEnHLgoNj9kg,536,,,fake,Emma_H._Clark@gmail.com
121,PaHTN8xz45,RhlE0A1WsevRairIndJeRzA96BAeS1znzHyMqtqnNX06u1TJMyiDpnE5IP5QiwVhnEKmSf7yN4qZhMUeLV7yM6rDcA5HV9lOpJt7,Emma H. Anna,20/6/1996,g82IYkxOzNpLKBVvp23O,118,,,fake,Emma_H._Anna@gmail.com
122,SisdkL9SJM,hz3AtM75WfamxDYudJCsKLPncxzuX9qSL7k8xTvaAZSpyit6LSDgiQ3ky8XAhAWDCkaWcUR8Lyc1z7r4RwMLPkc84cJee75FZ62P,Emma H. Smith,10/8/1983,RXlqQ4iym6e4canspUsq,366,,,fake,Emma_H._Smith@gmail.com
123,VWy5L4n9sr,1KbNkedKvdTIoL9LvpJGblUm7fpjq51eWtzawC7jBcO4yzuXDZw5ms6aLcw4C0a2eUhuM89q7w98YjWzQ4mkX655s0i3uGoAUnmg,Emma H. Luck,12/7/1958,ZqRa6vj0owkmOwrXy9L0,789,,,fake,Emma_H._Luck@gmail.com
124,N29dKitBgG,TBrikCz9fsIXwaeqpeBw6BUBikB1DLUgTmjDp6zDPW07pN11MrgzxWcQDXufZZkLZaMuhqxV3a5fwDs4X59PAfOBEo0OCCtESkit,Emma H. Hell,24/6/1962,mq1wLSTXfc1cusxmHon7,404,,,fake,Emma_H._Hell@gmail.com
